Acc_Species_Name,Family,Genus,Species,Authority
Abelmoschus esculentus (L.) Moench,Malvaceae,Abelmoschus,esculentus,(L.) Moench
Abutilon megapotamicum (A.Spreng.) A.St.-Hil. & Naudin,Malvaceae,Abutilon,megapotamicum,(A.Spreng.) A.St.-Hil. & Naudin
Acacia willdenowiana Wendl.,Fabaceae,Acacia,willdenowiana,Wendl.
Acacia baileyana F.Muell.,Fabaceae,Acacia,baileyana,F.Muell.
Acacia confusa Merr.,Fabaceae,Acacia,confusa,Merr.
Acacia decurrens Willd.,Fabaceae,Acacia,decurrens,Willd.
Acacia elata Benth.,Fabaceae,Acacia,elata,Benth.
Acacia karroo Hayne,Fabaceae,Acacia,karroo,Hayne
Acacia maidenii F.Muell.,Fabaceae,Acacia,maidenii,F.Muell.
Acacia mangium Willd.,Fabaceae,Acacia,mangium,Willd.
Acacia podalyriifolia G.Don,Fabaceae,Acacia,podalyriifolia,G.Don
Acacia robusta Burch.,Fabaceae,Acacia,robusta,Burch.
Acacia tortilis (Forssk.) Hayne,Fabaceae,Acacia,tortilis,(Forssk.) Hayne
Acalypha amentacea Roxb.,Euphorbiaceae,Acalypha,amentacea,Roxb.
Acalypha australis L.,Euphorbiaceae,Acalypha,australis,L.
Acalypha chamaedrifolia (Lam.) Müll.Arg.,Euphorbiaceae,Acalypha,chamaedrifolia,(Lam.) Müll.Arg.
Acalypha hispida Burm.f.,Euphorbiaceae,Acalypha,hispida,Burm.f.
Acalypha wilkesiana Müll.Arg.,Euphorbiaceae,Acalypha,wilkesiana,Müll.Arg.
Acca sellowiana (O.Berg) Burret,Myrtaceae,Acca,sellowiana,(O.Berg) Burret
Achimenes grandiflora (Schiede) DC.,Gesneriaceae,Achimenes,grandiflora,(Schiede) DC.
Acokanthera oblongifolia (Hochst.) Benth. & Hook.f. ex B.D.Jacks.,Apocynaceae,Acokanthera,oblongifolia,(Hochst.) Benth. & Hook.f. ex B.D.Jacks.
Adansonia digitata L.,Malvaceae,Adansonia,digitata,L.
Adenanthera microsperma Teijsm. & Binn.,Fabaceae,Adenanthera,microsperma,Teijsm. & Binn.
Adenium obesum (Forssk.) Roem. & Schult.,Apocynaceae,Adenium,obesum,(Forssk.) Roem. & Schult.
Afzelia martabanica (Prain) J.Leonard,Fabaceae,Afzelia,martabanica,(Prain) J.Leonard
Agathis macrophylla (Lindl.) Mast.,Araucariaceae,Agathis,macrophylla,(Lindl.) Mast.
Agathis robusta (C.Moore ex F.Muell.) F.M.Bailey,Araucariaceae,Agathis,robusta,(C.Moore ex F.Muell.) F.M.Bailey
Agave decipiens Baker,Asparagaceae,Agave,decipiens,Baker
Agave sisalana Perrine,Asparagaceae,Agave,sisalana,Perrine
Agave victoriae-reginae T.Moore,Asparagaceae,Agave,victoriae-reginae,T.Moore
Aglaia odorata Lour.,Meliaceae,Aglaia,odorata,Lour.
Albizia saman (Jacq.) Merr.,Fabaceae,Albizia,saman,(Jacq.) Merr.
Vernicia fordii (Hemsl.) Airy Shaw,Euphorbiaceae,Vernicia,fordii,(Hemsl.) Airy Shaw
Aleurites moluccanus (L.) Willd.,Euphorbiaceae,Aleurites,moluccanus,(L.) Willd.
Allamanda blanchetii A.DC.,Apocynaceae,Allamanda,blanchetii,A.DC.
Allamanda schottii Pohl,Apocynaceae,Allamanda,schottii,Pohl
Allium cepa L.,Amaryllidaceae,Allium,cepa,L.
Allium sativum L.,Amaryllidaceae,Allium,sativum,L.
Alocasia macrorrhizos (L.) G.Don,Araceae,Alocasia,macrorrhizos,(L.) G.Don
Alocasia sanderiana W.Bull,Araceae,Alocasia,sanderiana,W.Bull
Aloe variegata L.,Asphodelaceae,Aloe,variegata,L.
Alpinia nutans (L.) Roscoe,Zingiberaceae,Alpinia,nutans,(L.) Roscoe
Alstonia macrophylla Wall. ex G.Don,Apocynaceae,Alstonia,macrophylla,Wall. ex G.Don
Amherstia nobilis Wall.,Fabaceae,Amherstia,nobilis,Wall.
Ammi majus L.,Apiaceae,Ammi,majus,L.
Ananas comosus (L.) Merr.,Bromeliaceae,Ananas,comosus,(L.) Merr.
Anchusa capensis Thunb.,Boraginaceae,Anchusa,capensis,Thunb.
Andira inermis (Wright) DC.,Fabaceae,Andira,inermis,(Wright) DC.
Angelonia salicariifolia Bonpl.,Plantaginaceae,Angelonia,salicariifolia,Bonpl.
Annona cherimola Mill.,Annonaceae,Annona,cherimola,Mill.
Annona muricata L.,Annonaceae,Annona,muricata,L.
Annona purpurea Moc. & Sessé ex Dunal,Annonaceae,Annona,purpurea,Moc. & Sessé ex Dunal
Annona reticulata L.,Annonaceae,Annona,reticulata,L.
Annona squamosa L.,Annonaceae,Annona,squamosa,L.
Aphelandra pulcherrima (Jacq.) Kunth,Acanthaceae,Aphelandra,pulcherrima,(Jacq.) Kunth
Arachis hypogaea L.,Fabaceae,Arachis,hypogaea,L.
Araucaria angustifolia (Bertol.) Kuntze,Araucariaceae,Araucaria,angustifolia,(Bertol.) Kuntze
Araucaria bidwillii Hook.,Araucariaceae,Araucaria,bidwillii,Hook.
Araucaria columnaris (G.Forst.) Hook.,Araucariaceae,Araucaria,columnaris,(G.Forst.) Hook.
Araucaria cunninghamii Mudie,Araucariaceae,Araucaria,cunninghamii,Mudie
Arctotis stoechadifolia P.J.Bergius,Asteraceae,Arctotis,stoechadifolia,P.J.Bergius
Arenga pinnata (Wurmb) Merr.,Arecaceae,Arenga,pinnata,(Wurmb) Merr.
Arfeuillea arborescens Pierre ex Radlk.,Sapindaceae,Arfeuillea,arborescens,Pierre ex Radlk.
Argyranthemum frutescens (L.) Sch.Bip.,Asteraceae,Argyranthemum,frutescens,(L.) Sch.Bip.
Aristolochia fimbriata Cham.,Aristolochiaceae,Aristolochia,fimbriata,Cham.
Aristolochia littoralis Parodi,Aristolochiaceae,Aristolochia,littoralis,Parodi
Aristolochia grandiflora Sw.,Aristolochiaceae,Aristolochia,grandiflora,Sw.
Aristolochia labiata Willd.,Aristolochiaceae,Aristolochia,labiata,Willd.
Aristolochia cymbifera Mart.,Aristolochiaceae,Aristolochia,cymbifera,Mart.
Aristolochia macroura Ortega,Aristolochiaceae,Aristolochia,macroura,Ortega
Aristolochia ridicula N.E.Br.,Aristolochiaceae,Aristolochia,ridicula,N.E.Br.
Aristolochia ringens Vahl,Aristolochiaceae,Aristolochia,ringens,Vahl
Aristolochia tomentosa Sims,Aristolochiaceae,Aristolochia,tomentosa,Sims
Artabotrys hexapetalus (L.f.) Bhandari,Annonaceae,Artabotrys,hexapetalus,(L.f.) Bhandari
Artocarpus altilis (Parkinson ex F.A.Zorn) Fosberg,Moraceae,Artocarpus,altilis,(Parkinson ex F.A.Zorn) Fosberg
Asparagus setaceus (Kunth) Jessop,Asparagaceae,Asparagus,setaceus,(Kunth) Jessop
Ateleia herbert-smithii Pittier,Fabaceae,Ateleia,herbert-smithii,Pittier
Averrhoa bilimbi L.,Oxalidaceae,Averrhoa,bilimbi,L.
Averrhoa carambola L.,Oxalidaceae,Averrhoa,carambola,L.
Sannantha virgata (J.R.Forst. & G.Forst.) Peter G.Wilson,Myrtaceae,Sannantha,virgata,(J.R.Forst. & G.Forst.) Peter G.Wilson
Bambusa multiplex (Lour.) Raeusch. ex Schult.,Poaceae,Bambusa,multiplex,(Lour.) Raeusch. ex Schult.
Bambusa longispiculata Gamble,Poaceae,Bambusa,longispiculata,Gamble
Bambusa tuldoides Munro,Poaceae,Bambusa,tuldoides,Munro
Banisteriopsis laevifolia (A.Juss.) B.Gates,Malpighiaceae,Banisteriopsis,laevifolia,(A.Juss.) B.Gates
Baphia massaiensis Taub.,Fabaceae,Baphia,massaiensis,Taub.
Baphia nitida Lodd.,Fabaceae,Baphia,nitida,Lodd.
Barleria lupulina Lindl.,Acanthaceae,Barleria,lupulina,Lindl.
Barringtonia asiatica (L.) Kurz,Lecythidaceae,Barringtonia,asiatica,(L.) Kurz
Bauhinia blakeana Dunn,Fabaceae,Bauhinia,blakeana,Dunn
Bauhinia carronii F.Muell.,Fabaceae,Bauhinia,carronii,F.Muell.
Bauhinia corymbosa Roxb. ex DC.,Fabaceae,Bauhinia,corymbosa,Roxb. ex DC.
Bauhinia galpinii N.E.Br.,Fabaceae,Bauhinia,galpinii,N.E.Br.
Bauhinia hookeri F.Muell.,Fabaceae,Bauhinia,hookeri,F.Muell.
Bauhinia monandra Kurz,Fabaceae,Bauhinia,monandra,Kurz
Bauhinia picta (Kunth) DC.,Fabaceae,Bauhinia,picta,(Kunth) DC.
Bauhinia tomentosa L.,Fabaceae,Bauhinia,tomentosa,L.
Bauhinia variegata L.,Fabaceae,Bauhinia,variegata,L.
Beaucarnea stricta Lem.,Asparagaceae,Beaucarnea,stricta,Lem.
Justicia brandegeeana Wassh. & L.B.Sm.,Acanthaceae,Justicia,brandegeeana,Wassh. & L.B.Sm.
Benincasa hispida (Thunb.) Cogn.,Cucurbitaceae,Benincasa,hispida,(Thunb.) Cogn.
Berrya javanica (Turcz.) Burret,Malvaceae,Berrya,javanica,(Turcz.) Burret
Beta vulgaris L.,Amaranthaceae,Beta,vulgaris,L.
Bignonia capreolata L.,Bignoniaceae,Bignonia,capreolata,L.
Begonia manicata Brongn.,Begoniaceae,Begonia,manicata,Brongn.
Bixa orellana L.,Bixaceae,Bixa,orellana,L.
Blighia sapida K.D.Koenig,Sapindaceae,Blighia,sapida,K.D.Koenig
Boehmeria nivea (L.) Gaudich.,Urticaceae,Boehmeria,nivea,(L.) Gaudich.
Bolusanthus speciosus (Bolus) Harms,Fabaceae,Bolusanthus,speciosus,(Bolus) Harms
Brachychiton acerifolius (A.Cunn. ex G.Don) F.Muell.,Malvaceae,Brachychiton,acerifolius,(A.Cunn. ex G.Don) F.Muell.
Brachychiton populneus (Schott & Endl.) R.Br.,Malvaceae,Brachychiton,populneus,(Schott & Endl.) R.Br.
Brachyscome iberidifolia Benth.,Asteraceae,Brachyscome,iberidifolia,Benth.
Brassica napus L.,Brassicaceae,Brassica,napus,L.
Brassica nigra (L.) K.Koch,Brassicaceae,Brassica,nigra,(L.) K.Koch
Brassica oleracea L.,Brassicaceae,Brassica,oleracea,L.
Browallia americana L.,Solanaceae,Browallia,americana,L.
Brownea ariza Benth.,Fabaceae,Brownea,ariza,Benth.
Brownea coccinea Jacq.,Fabaceae,Brownea,coccinea,Jacq.
Brownea grandiceps Jacq.,Fabaceae,Brownea,grandiceps,Jacq.
Brugmansia arborea (L.) Sweet,Solanaceae,Brugmansia,arborea,(L.) Sweet
Brugmansia sanguinea (Ruiz & Pav.) D.Don,Solanaceae,Brugmansia,sanguinea,(Ruiz & Pav.) D.Don
Brunfelsia densifolia Krug & Urb.,Solanaceae,Brunfelsia,densifolia,Krug & Urb.
Brunfelsia latifolia (Pohl) Benth.,Solanaceae,Brunfelsia,latifolia,(Pohl) Benth.
Brunfelsia pauciflora (Cham. & Schltdl.) Benth.,Solanaceae,Brunfelsia,pauciflora,(Cham. & Schltdl.) Benth.
Brunfelsia uniflora (Pohl) D.Don,Solanaceae,Brunfelsia,uniflora,(Pohl) D.Don
Buddleja asiatica Lour.,Scrophulariaceae,Buddleja,asiatica,Lour.
Buddleja madagascariensis Lam.,Scrophulariaceae,Buddleja,madagascariensis,Lam.
Bursera penicillata (Sessé & Moc. ex DC.) Engl.,Burseraceae,Bursera,penicillata,(Sessé & Moc. ex DC.) Engl.
Caesalpinia coriaria (Jacq.) Willd.,Fabaceae,Caesalpinia,coriaria,(Jacq.) Willd.
Caesalpinia ferrea Mart.,Fabaceae,Caesalpinia,ferrea,Mart.
Caesalpinia pulcherrima (L.) Sw.,Fabaceae,Caesalpinia,pulcherrima,(L.) Sw.
Caesalpinia punctata Willd.,Fabaceae,Caesalpinia,punctata,Willd.
Caesalpinia sappan L.,Fabaceae,Caesalpinia,sappan,L.
Caesalpinia violacea (Mill.) Standl.,Fabaceae,Caesalpinia,violacea,(Mill.) Standl.
Cajanus cajan (L.) Millsp.,Fabaceae,Cajanus,cajan,(L.) Millsp.
Calliandra brevipes Benth.,Fabaceae,Calliandra,brevipes,Benth.
Calliandra haematocephala Hassk.,Fabaceae,Calliandra,haematocephala,Hassk.
Calliandra houstoniana (Mill.) Standl.,Fabaceae,Calliandra,houstoniana,(Mill.) Standl.
Zapoteca portoricensis (Jacq.) H.M.Hern.,Fabaceae,Zapoteca,portoricensis,(Jacq.) H.M.Hern.
Calliandra tweedii Benth.,Fabaceae,Calliandra,tweedii,Benth.
Callistemon brachyandrus Lindl.,Myrtaceae,Callistemon,brachyandrus,Lindl.
Callistemon coccineus F.Muell.,Myrtaceae,Callistemon,coccineus,F.Muell.
Callistemon lanceolatus DC.,Myrtaceae,Callistemon,lanceolatus,DC.
Callistemon linearis (Schrad. & J.C.Wendl.) Colv. ex Sweet,Myrtaceae,Callistemon,linearis,(Schrad. & J.C.Wendl.) Colv. ex Sweet
Callistemon polandii F.M.Bailey,Myrtaceae,Callistemon,polandii,F.M.Bailey
Callistephus chinensis (L.) Nees,Asteraceae,Callistephus,chinensis,(L.) Nees
Callitris columellaris F.Muell.,Cupressaceae,Callitris,columellaris,F.Muell.
Calophyllum inophyllum L.,Calophyllaceae,Calophyllum,inophyllum,L.
Calycophyllum spruceanum (Benth.) Hook.f. ex K.Schum.,Rubiaceae,Calycophyllum,spruceanum,(Benth.) Hook.f. ex K.Schum.
Camellia japonica L.,Theaceae,Camellia,japonica,L.
Campsis grandiflora (Thunb.) K.Schum.,Bignoniaceae,Campsis,grandiflora,(Thunb.) K.Schum.
Campsis radicans (L.) Seem.,Bignoniaceae,Campsis,radicans,(L.) Seem.
Cananga odorata (Lam.) Hook.f. & Thomson,Annonaceae,Cananga,odorata,(Lam.) Hook.f. & Thomson
Canavalia ensiformis (L.) DC.,Fabaceae,Canavalia,ensiformis,(L.) DC.
Canavalia gladiata (Jacq.) DC.,Fabaceae,Canavalia,gladiata,(Jacq.) DC.
Canna indica L.,Cannaceae,Canna,indica,L.
Canna flaccida Salisb.,Cannaceae,Canna,flaccida,Salisb.
Capsicum annuum L.,Solanaceae,Capsicum,annuum,L.
Capsicum frutescens L.,Solanaceae,Capsicum,frutescens,L.
Carapichea ipecacuanha (Brot.) L.Andersson,Rubiaceae,Carapichea,ipecacuanha,(Brot.) L.Andersson
Vasconcellea pubescens A.DC.,Caricaceae,Vasconcellea,pubescens,A.DC.
Carica papaya L.,Caricaceae,Carica,papaya,L.
Carissa bispinosa (L.) Desf. ex Brenan,Apocynaceae,Carissa,bispinosa,(L.) Desf. ex Brenan
Carissa carandas L.,Apocynaceae,Carissa,carandas,L.
Carissa macrocarpa (Eckl.) A.DC.,Apocynaceae,Carissa,macrocarpa,(Eckl.) A.DC.
Carpentaria acuminata (H.Wendl. & Drude) Becc.,Arecaceae,Carpentaria,acuminata,(H.Wendl. & Drude) Becc.
Carthamus tinctorius L.,Asteraceae,Carthamus,tinctorius,L.
Caryota urens L.,Arecaceae,Caryota,urens,L.
Casimiroa edulis La Llave,Rutaceae,Casimiroa,edulis,La Llave
Cassia grandis L.f.,Fabaceae,Cassia,grandis,L.f.
Cassia phyllodinea R.Br.,Fabaceae,Cassia,phyllodinea,R.Br.
Castanea sativa Mill.,Fagaceae,Castanea,sativa,Mill.
Casuarina cunninghamiana Miq.,Casuarinaceae,Casuarina,cunninghamiana,Miq.
Catesbaea spinosa L.,Rubiaceae,Catesbaea,spinosa,L.
Ceiba insignis (Kunth) P.E.Gibbs & Semir,Malvaceae,Ceiba,insignis,(Kunth) P.E.Gibbs & Semir
Ceiba pentandra (L.) Gaertn.,Malvaceae,Ceiba,pentandra,(L.) Gaertn.
Amberboa moschata (L.) DC.,Asteraceae,Amberboa,moschata,(L.) DC.
Centrolobium paraense Tul.,Fabaceae,Centrolobium,paraense,Tul.
Centrosema plumieri (Pers.) Benth.,Fabaceae,Centrosema,plumieri,(Pers.) Benth.
Cephalotaxus harringtonii (Knight ex J.Forbes) K.Koch,Taxaceae,Cephalotaxus,harringtonii,(Knight ex J.Forbes) K.Koch
Ceratonia siliqua L.,Fabaceae,Ceratonia,siliqua,L.
Cestrum parqui L'Hér.,Solanaceae,Cestrum,parqui,L'Hér.
Chaenomeles speciosa (Sweet) Nakai,Rosaceae,Chaenomeles,speciosa,(Sweet) Nakai
Chamaerops humilis L.,Arecaceae,Chamaerops,humilis,L.
Erysimum ×cheiri (L.) Crantz,Brassicaceae,Erysimum,cheiri,(L.) Crantz
Chimonanthus praecox (L.) Link,Calycanthaceae,Chimonanthus,praecox,(L.) Link
Chiococca alba (L.) Hitchc.,Rubiaceae,Chiococca,alba,(L.) Hitchc.
Chlorophytum comosum (Thunb.) Jacques,Asparagaceae,Chlorophytum,comosum,(Thunb.) Jacques
Choisya ternata Kunth,Rutaceae,Choisya,ternata,Kunth
Chonemorpha fragrans (Moon) Alston,Apocynaceae,Chonemorpha,fragrans,(Moon) Alston
Ceiba speciosa (A.St.-Hil.) Ravenna,Malvaceae,Ceiba,speciosa,(A.St.-Hil.) Ravenna
Ceiba ventricosa (Nees & Mart.) Ravenna,Malvaceae,Ceiba,ventricosa,(Nees & Mart.) Ravenna
Chorizema ilicifolium Labill.,Fabaceae,Chorizema,ilicifolium,Labill.
Christia vespertilionis (L.f.) Bakh.f.,Fabaceae,Christia,vespertilionis,(L.f.) Bakh.f.
Chrysanthemum indicum L.,Asteraceae,Chrysanthemum,indicum,L.
Chrysophyllum cainito L.,Sapotaceae,Chrysophyllum,cainito,L.
Chrysophyllum oliviforme L.,Sapotaceae,Chrysophyllum,oliviforme,L.
Cicer arietinum L.,Fabaceae,Cicer,arietinum,L.
Cinchona calisaya Wedd.,Rubiaceae,Cinchona,calisaya,Wedd.
Cinchona officinalis L.,Rubiaceae,Cinchona,officinalis,L.
Cinchona pubescens Vahl,Rubiaceae,Cinchona,pubescens,Vahl
Cinnamomum burmanni (Nees & T.Nees) Blume,Lauraceae,Cinnamomum,burmanni,(Nees & T.Nees) Blume
Cinnamomum verum J.Presl,Lauraceae,Cinnamomum,verum,J.Presl
Citrus aurantiifolia (Christm.) Swingle,Rutaceae,Citrus,aurantiifolia,(Christm.) Swingle
Citrus maxima (Burm.) Merr.,Rutaceae,Citrus,maxima,(Burm.) Merr.
Citrus paradisi Macfad.,Rutaceae,Citrus,paradisi,Macfad.
Citrus reticulata Blanco,Rutaceae,Citrus,reticulata,Blanco
Citrus sinensis (L.) Osbeck,Rutaceae,Citrus,sinensis,(L.) Osbeck
Clarkia pulchella Pursh,Onagraceae,Clarkia,pulchella,Pursh
Clausena lansium (Lour.) Skeels,Rutaceae,Clausena,lansium,(Lour.) Skeels
Clerodendrum calamitosum L.,Lamiaceae,Clerodendrum,calamitosum,L.
Clerodendrum japonicum (Thunb.) Sweet,Lamiaceae,Clerodendrum,japonicum,(Thunb.) Sweet
Clerodendrum speciosissimum Drapiez,Lamiaceae,Clerodendrum,speciosissimum,Drapiez
Clerodendrum splendens G.Don,Lamiaceae,Clerodendrum,splendens,G.Don
Clusia rosea Jacq.,Clusiaceae,Clusia,rosea,Jacq.
Coccoloba uvifera (L.) L.,Polygonaceae,Coccoloba,uvifera,(L.) L.
Codiaeum variegatum (L.) Rumph. ex A.Juss.,Euphorbiaceae,Codiaeum,variegatum,(L.) Rumph. ex A.Juss.
Coffea arabica L.,Rubiaceae,Coffea,arabica,L.
Coffea canephora Pierre ex A.Froehner,Rubiaceae,Coffea,canephora,Pierre ex A.Froehner
Coffea liberica Hiern,Rubiaceae,Coffea,liberica,Hiern
Coffea stenophylla G.Don,Rubiaceae,Coffea,stenophylla,G.Don
Cola acuminata (P.Beauv.) Schott & Endl.,Malvaceae,Cola,acuminata,(P.Beauv.) Schott & Endl.
Cola nitida (Vent.) Schott & Endl.,Malvaceae,Cola,nitida,(Vent.) Schott & Endl.
Colletia paradoxa (Spreng.) Escal.,Rhamnaceae,Colletia,paradoxa,(Spreng.) Escal.
Colubrina asiatica (L.) Brongn.,Rhamnaceae,Colubrina,asiatica,(L.) Brongn.
Colvillea racemosa Bojer,Fabaceae,Colvillea,racemosa,Bojer
Combretum coccineum (Sonn.) Lam.,Combretaceae,Combretum,coccineum,(Sonn.) Lam.
Combretum comosum G.Don,Combretaceae,Combretum,comosum,G.Don
Combretum grandiflorum G.Don,Combretaceae,Combretum,grandiflorum,G.Don
Congea tomentosa Roxb.,Lamiaceae,Congea,tomentosa,Roxb.
Consolida ajacis (L.) Schur,Ranunculaceae,Consolida,ajacis,(L.) Schur
Cordia africana Lam.,Boraginaceae,Cordia,africana,Lam.
Cordia alba (Jacq.) Roem. & Schult.,Boraginaceae,Cordia,alba,(Jacq.) Roem. & Schult.
Cordia sebestena L.,Boraginaceae,Cordia,sebestena,L.
Cordia subcordata Lam.,Boraginaceae,Cordia,subcordata,Lam.
Coreopsis lanceolata L.,Asteraceae,Coreopsis,lanceolata,L.
Coreopsis stillmanii (A.Gray) S.F.Blake,Asteraceae,Coreopsis,stillmanii,(A.Gray) S.F.Blake
Coreopsis tinctoria Nutt.,Asteraceae,Coreopsis,tinctoria,Nutt.
Corymbia calophylla (R.Br. ex Lindl.) K.D.Hill & L.A.S.Johnson,Myrtaceae,Corymbia,calophylla,(R.Br. ex Lindl.) K.D.Hill & L.A.S.Johnson
Corymbia dichromophloia (F.Muell.) K.D.Hill & L.A.S.Johnson,Myrtaceae,Corymbia,dichromophloia,(F.Muell.) K.D.Hill & L.A.S.Johnson
Corymbia torelliana (F.Muell.) K.D.Hill & L.A.S.Johnson,Myrtaceae,Corymbia,torelliana,(F.Muell.) K.D.Hill & L.A.S.Johnson
Corypha umbraculifera L.,Arecaceae,Corypha,umbraculifera,L.
Couroupita guianensis Aubl.,Lecythidaceae,Couroupita,guianensis,Aubl.
Crescentia cujete L.,Bignoniaceae,Crescentia,cujete,L.
Crocus sativus L.,Iridaceae,Crocus,sativus,L.
Crotalaria agatiflora Schweinf.,Fabaceae,Crotalaria,agatiflora,Schweinf.
Crotalaria spectabilis Roth,Fabaceae,Crotalaria,spectabilis,Roth
Croton tiglium L.,Euphorbiaceae,Croton,tiglium,L.
Cryptomeria japonica (Thunb. ex L.f.) D.Don,Cupressaceae,Cryptomeria,japonica,(Thunb. ex L.f.) D.Don
Cucurbita maxima Duchesne,Cucurbitaceae,Cucurbita,maxima,Duchesne
Cucurbita moschata Duchesne,Cucurbitaceae,Cucurbita,moschata,Duchesne
Cucurbita pepo L.,Cucurbitaceae,Cucurbita,pepo,L.
Cuminum cyminum L.,Apiaceae,Cuminum,cyminum,L.
Cunninghamia lanceolata (Lamb.) Hook.,Cupressaceae,Cunninghamia,lanceolata,(Lamb.) Hook.
Cupaniopsis anacardioides (A.Rich.) Radlk.,Sapindaceae,Cupaniopsis,anacardioides,(A.Rich.) Radlk.
Cuphea procumbens Ortega,Lythraceae,Cuphea,procumbens,Ortega
Cupressus funebris Endl.,Cupressaceae,Cupressus,funebris,Endl.
Cupressus lusitanica Mill.,Cupressaceae,Cupressus,lusitanica,Mill.
Cupressus sempervirens L.,Cupressaceae,Cupressus,sempervirens,L.
Cyamopsis tetragonoloba (L.) Taub.,Fabaceae,Cyamopsis,tetragonoloba,(L.) Taub.
Cyclanthera pedata (L.) Schrad.,Cucurbitaceae,Cyclanthera,pedata,(L.) Schrad.
Cymbopogon schoenanthus (L.) Spreng.,Poaceae,Cymbopogon,schoenanthus,(L.) Spreng.
Cynoglossum amabile Stapf & J.R.Drumm.,Boraginaceae,Cynoglossum,amabile,Stapf & J.R.Drumm.
Dalbergia cultrata Benth.,Fabaceae,Dalbergia,cultrata,Benth.
Delonix elata (L.) Gamble,Fabaceae,Delonix,elata,(L.) Gamble
Dendrocalamus longispathus (Kurz) Kurz,Poaceae,Dendrocalamus,longispathus,(Kurz) Kurz
Dendrocalamus membranaceus Munro,Poaceae,Dendrocalamus,membranaceus,Munro
Desmos chinensis Lour.,Annonaceae,Desmos,chinensis,Lour.
Deutzia gracilis Siebold & Zucc.,Hydrangeaceae,Deutzia,gracilis,Siebold & Zucc.
Deutzia scabra Thunb.,Hydrangeaceae,Deutzia,scabra,Thunb.
Justicia secunda Vahl,Acanthaceae,Justicia,secunda,Vahl
Dillenia bracteata Wight,Dilleniaceae,Dillenia,bracteata,Wight
Dillenia pentagyna Roxb.,Dilleniaceae,Dillenia,pentagyna,Roxb.
Dimorphotheca sinuata DC.,Asteraceae,Dimorphotheca,sinuata,DC.
Diospyros discolor Willd.,Ebenaceae,Diospyros,discolor,Willd.
Dipterocarpus tuberculatus Roxb.,Dipterocarpaceae,Dipterocarpus,tuberculatus,Roxb.
Heterotis rotundifolia (Sm.) Jacq.-Fél.,Melastomataceae,Heterotis,rotundifolia,(Sm.) Jacq.-Fél.
Markhamia lutea (Benth.) K.Schum.,Bignoniaceae,Markhamia,lutea,(Benth.) K.Schum.
Dombeya acutangula Cav.,Malvaceae,Dombeya,acutangula,Cav.
Dombeya burgessiae Gerrard ex Harv.,Malvaceae,Dombeya,burgessiae,Gerrard ex Harv.
Dombeya wallichii (Lindl.) K.Schum.,Malvaceae,Dombeya,wallichii,(Lindl.) K.Schum.
Dorotheanthus apetalus (L.f.) N.E.Br.,Aizoaceae,Dorotheanthus,apetalus,(L.f.) N.E.Br.
Dracaena fragrans (L.) Ker Gawl.,Asparagaceae,Dracaena,fragrans,(L.) Ker Gawl.
Dracaena reflexa Lam.,Asparagaceae,Dracaena,reflexa,Lam.
Dracaena surculosa Lindl.,Asparagaceae,Dracaena,surculosa,Lindl.
Duabanga grandiflora (DC.) Walp.,Lythraceae,Duabanga,grandiflora,(DC.) Walp.
Duboisia myoporoides R.Br.,Solanaceae,Duboisia,myoporoides,R.Br.
Durio zibethinus L.,Malvaceae,Durio,zibethinus,L.
Echites umbellatus Jacq.,Apocynaceae,Echites,umbellatus,Jacq.
Elaeis guineensis Jacq.,Arecaceae,Elaeis,guineensis,Jacq.
Eleusine coracana (L.) Gaertn.,Poaceae,Eleusine,coracana,(L.) Gaertn.
Enterolobium contortisiliquum (Vell.) Morong,Fabaceae,Enterolobium,contortisiliquum,(Vell.) Morong
Enterolobium cyclocarpum (Jacq.) Griseb.,Fabaceae,Enterolobium,cyclocarpum,(Jacq.) Griseb.
Epipremnum aureum (Linden & André) G.S.Bunting,Araceae,Epipremnum,aureum,(Linden & André) G.S.Bunting
Eranthemum pulchellum Andrews,Acanthaceae,Eranthemum,pulchellum,Andrews
Erica vagans L.,Ericaceae,Erica,vagans,L.
Eriobotrya japonica (Thunb.) Lindl.,Rosaceae,Eriobotrya,japonica,(Thunb.) Lindl.
Erythrina crista-galli L.,Fabaceae,Erythrina,crista-galli,L.
Erythroxylum coca Lam.,Erythroxylaceae,Erythroxylum,coca,Lam.
Escallonia macrantha Wedd.,Escalloniaceae,Escallonia,macrantha,Wedd.
Eucalyptus bigalerita F.Muell.,Myrtaceae,Eucalyptus,bigalerita,F.Muell.
Eucalyptus botryoides Sm.,Myrtaceae,Eucalyptus,botryoides,Sm.
Eucalyptus brownii Maiden & Cambage,Myrtaceae,Eucalyptus,brownii,Maiden & Cambage
Eucalyptus deglupta Blume,Myrtaceae,Eucalyptus,deglupta,Blume
Eucalyptus drepanophylla F.Muell. ex Benth.,Myrtaceae,Eucalyptus,drepanophylla,F.Muell. ex Benth.
Corymbia ficifolia (F.Muell.) K.D.Hill & L.A.S.Johnson,Myrtaceae,Corymbia,ficifolia,(F.Muell.) K.D.Hill & L.A.S.Johnson
Eucalyptus grandis W.Hill,Myrtaceae,Eucalyptus,grandis,W.Hill
Eucalyptus longifolia Link,Myrtaceae,Eucalyptus,longifolia,Link
Eucalyptus microcorys F.Muell.,Myrtaceae,Eucalyptus,microcorys,F.Muell.
Eucalyptus microtheca F.Muell.,Myrtaceae,Eucalyptus,microtheca,F.Muell.
Eucalyptus nova-anglica H.Deane & Maiden,Myrtaceae,Eucalyptus,nova-anglica,H.Deane & Maiden
Eucalyptus paniculata Sm.,Myrtaceae,Eucalyptus,paniculata,Sm.
Eucalyptus propinqua H.Deane & Maiden,Myrtaceae,Eucalyptus,propinqua,H.Deane & Maiden
Eucalyptus punctata A.Cunn. ex DC.,Myrtaceae,Eucalyptus,punctata,A.Cunn. ex DC.
Eucalyptus regnans F.Muell.,Myrtaceae,Eucalyptus,regnans,F.Muell.
Eucalyptus resinifera Sm.,Myrtaceae,Eucalyptus,resinifera,Sm.
Eucalyptus robusta Sm.,Myrtaceae,Eucalyptus,robusta,Sm.
Eucalyptus rudis Endl.,Myrtaceae,Eucalyptus,rudis,Endl.
Eucalyptus sideroxylon A.Cunn. ex Woolls,Myrtaceae,Eucalyptus,sideroxylon,A.Cunn. ex Woolls
Eucalyptus sieberi L.A.S.Johnson,Myrtaceae,Eucalyptus,sieberi,L.A.S.Johnson
Eucalyptus tereticornis Sm.,Myrtaceae,Eucalyptus,tereticornis,Sm.
Eucalyptus viminalis Labill.,Myrtaceae,Eucalyptus,viminalis,Labill.
Euphorbia leucocephala Lotsy,Euphorbiaceae,Euphorbia,leucocephala,Lotsy
Euphorbia milii Des Moul.,Euphorbiaceae,Euphorbia,milii,Des Moul.
Excoecaria cochinchinensis Lour.,Euphorbiaceae,Excoecaria,cochinchinensis,Lour.
Felicia bergeriana (Spreng.) O.Hoffm.,Asteraceae,Felicia,bergeriana,(Spreng.) O.Hoffm.
Festuca ovina L.,Poaceae,Festuca,ovina,L.
Ficus lyrata Warb.,Moraceae,Ficus,lyrata,Warb.
Filicium decipiens (Wight & Arn.) Thwaites,Sapindaceae,Filicium,decipiens,(Wight & Arn.) Thwaites
Flacourtia indica (Burm.f.) Merr.,Salicaceae,Flacourtia,indica,(Burm.f.) Merr.
Flindersia australis R.Br.,Rutaceae,Flindersia,australis,R.Br.
Foeniculum vulgare Mill.,Apiaceae,Foeniculum,vulgare,Mill.
Fraxinus uhdei (Wenz.) Lingelsh.,Oleaceae,Fraxinus,uhdei,(Wenz.) Lingelsh.
Furcraea selloa K.Koch,Asparagaceae,Furcraea,selloa,K.Koch
Gaillardia picta Sweet,Asteraceae,Gaillardia,picta,Sweet
Gaillardia pulchella Foug.,Asteraceae,Gaillardia,pulchella,Foug.
Galphimia glauca Cav.,Malpighiaceae,Galphimia,glauca,Cav.
Galphimia gracilis Bartl.,Malpighiaceae,Galphimia,gracilis,Bartl.
Steirodiscus tagetes (L.) Schltr.,Asteraceae,Steirodiscus,tagetes,(L.) Schltr.
Garcinia livingstonei T.Anderson,Clusiaceae,Garcinia,livingstonei,T.Anderson
Garcinia ×mangostana L.,Clusiaceae,Garcinia,mangostana,L.
Gardenia jasminoides J.Ellis,Rubiaceae,Gardenia,jasminoides,J.Ellis
Gazania rigens Moench,Asteraceae,Gazania,rigens,Moench
Geijera parviflora Lindl.,Rutaceae,Geijera,parviflora,Lindl.
Gerbera jamesonii Bolus ex Hook.f.,Asteraceae,Gerbera,jamesonii,Bolus ex Hook.f.
Gigantochloa atter (Hassk.) Kurz,Poaceae,Gigantochloa,atter,(Hassk.) Kurz
Gigantochloa verticillata (Willd.) Munro,Poaceae,Gigantochloa,verticillata,(Willd.) Munro
Ginkgo biloba L.,Ginkgoaceae,Ginkgo,biloba,L.
Gleditsia sinensis Lam.,Fabaceae,Gleditsia,sinensis,Lam.
Gleditsia triacanthos L.,Fabaceae,Gleditsia,triacanthos,L.
Glycine max (L.) Merr.,Fabaceae,Glycine,max,(L.) Merr.
Gmelina philippensis Cham.,Lamiaceae,Gmelina,philippensis,Cham.
Clarkia amoena (Lehm.) A.Nelson & J.F.Macbr.,Onagraceae,Clarkia,amoena,(Lehm.) A.Nelson & J.F.Macbr.
Gossypium barbadense L.,Malvaceae,Gossypium,barbadense,L.
Gossypium herbaceum L.,Malvaceae,Gossypium,herbaceum,L.
Gossypium hirsutum L.,Malvaceae,Gossypium,hirsutum,L.
Graptophyllum pictum (L.) Griff.,Acanthaceae,Graptophyllum,pictum,(L.) Griff.
Grevillea robusta A.Cunn. ex R.Br.,Proteaceae,Grevillea,robusta,A.Cunn. ex R.Br.
Guadua angustifolia Kunth,Poaceae,Guadua,angustifolia,Kunth
Guaiacum officinale L.,Zygophyllaceae,Guaiacum,officinale,L.
Guazuma ulmifolia Lam.,Malvaceae,Guazuma,ulmifolia,Lam.
Gustavia augusta L.,Lecythidaceae,Gustavia,augusta,L.
Gustavia superba (Kunth) O.Berg,Lecythidaceae,Gustavia,superba,(Kunth) O.Berg
Gymnocladus dioica (L.) K.Koch,Fabaceae,Gymnocladus,dioica,(L.) K.Koch
Gypsophila elegans M.Bieb.,Caryophyllaceae,Gypsophila,elegans,M.Bieb.
Haemanthus coccineus L.,Amaryllidaceae,Haemanthus,coccineus,L.
Haematoxylum campechianum L.,Fabaceae,Haematoxylum,campechianum,L.
Hamelia patens Jacq.,Rubiaceae,Hamelia,patens,Jacq.
Handroanthus chrysotrichus (Mart. ex DC.) Mattos,Bignoniaceae,Handroanthus,chrysotrichus,(Mart. ex DC.) Mattos
Handroanthus impetiginosus (Mart. ex DC.) Mattos,Bignoniaceae,Handroanthus,impetiginosus,(Mart. ex DC.) Mattos
Haworthia coarctata Haw.,Asphodelaceae,Haworthia,coarctata,Haw.
Hedychium coronarium J.Koenig,Zingiberaceae,Hedychium,coronarium,J.Koenig
Helianthus tuberosus L.,Asteraceae,Helianthus,tuberosus,L.
Heliotropium arborescens L.,Boraginaceae,Heliotropium,arborescens,L.
Hemigraphis alternata (Burm.f.) T.Anderson,Acanthaceae,Hemigraphis,alternata,(Burm.f.) T.Anderson
Hevea brasiliensis (Willd. ex A.Juss.) Müll.Arg.,Euphorbiaceae,Hevea,brasiliensis,(Willd. ex A.Juss.) Müll.Arg.
Hibiscus arnottianus A.Gray,Malvaceae,Hibiscus,arnottianus,A.Gray
Hibiscus brackenridgei A.Gray,Malvaceae,Hibiscus,brackenridgei,A.Gray
Hibiscus sabdariffa L.,Malvaceae,Hibiscus,sabdariffa,L.
Hibiscus elatus Sw.,Malvaceae,Hibiscus,elatus,Sw.
Hibiscus liliiflorus Cav.,Malvaceae,Hibiscus,liliiflorus,Cav.
Hibiscus mutabilis L.,Malvaceae,Hibiscus,mutabilis,L.
Hibiscus rosa-sinensis L.,Malvaceae,Hibiscus,rosa-sinensis,L.
Hibiscus schizopetalus (Dyer) Hook.f.,Malvaceae,Hibiscus,schizopetalus,(Dyer) Hook.f.
Hibiscus syriacus L.,Malvaceae,Hibiscus,syriacus,L.
Hippeastrum puniceum (Lam.) Voss,Amaryllidaceae,Hippeastrum,puniceum,(Lam.) Voss
Hippeastrum striatum (Lam.) H.E.Moore,Amaryllidaceae,Hippeastrum,striatum,(Lam.) H.E.Moore
Hippeastrum vittatum (L'Hér.) Herb.,Amaryllidaceae,Hippeastrum,vittatum,(L'Hér.) Herb.
Holarrhena floribunda (G.Don) T.Durand & Schinz,Apocynaceae,Holarrhena,floribunda,(G.Don) T.Durand & Schinz
Holmskioldia sanguinea Retz.,Lamiaceae,Holmskioldia,sanguinea,Retz.
Homalium bhamoense Cubitt & W.W.Sm.,Salicaceae,Homalium,bhamoense,Cubitt & W.W.Sm.
Homalocladium platycladum (F.Muell.) L.H.Bailey,Polygonaceae,Homalocladium,platycladum,(F.Muell.) L.H.Bailey
Hura crepitans L.,Euphorbiaceae,Hura,crepitans,L.
Ilex opaca Aiton,Aquifoliaceae,Ilex,opaca,Aiton
Ipomoea alba L.,Convolvulaceae,Ipomoea,alba,L.
Ipomoea arborescens (Humb. & Bonpl. ex Willd.) G.Don,Convolvulaceae,Ipomoea,arborescens,(Humb. & Bonpl. ex Willd.) G.Don
Ipomoea batatas (L.) Lam.,Convolvulaceae,Ipomoea,batatas,(L.) Lam.
Ipomoea lobata (Cerv.) Thell.,Convolvulaceae,Ipomoea,lobata,(Cerv.) Thell.
Ipomoea violacea L.,Convolvulaceae,Ipomoea,violacea,L.
Iresine herbstii Hook.,Amaranthaceae,Iresine,herbstii,Hook.
Iris pseudacorus L.,Iridaceae,Iris,pseudacorus,L.
Ixora chinensis Lam.,Rubiaceae,Ixora,chinensis,Lam.
Ixora macrothyrsa (Teijsm. & Binn.) T.Moore,Rubiaceae,Ixora,macrothyrsa,(Teijsm. & Binn.) T.Moore
Jacaranda acutifolia Bonpl.,Bignoniaceae,Jacaranda,acutifolia,Bonpl.
Jacaranda mimosifolia D.Don,Bignoniaceae,Jacaranda,mimosifolia,D.Don
Jacquemontia pentantha G.Don,Convolvulaceae,Jacquemontia,pentantha,G.Don
Jacquinia aculeata Mez,Primulaceae,Jacquinia,aculeata,Mez
Jacquinia arborea Vahl,Primulaceae,Jacquinia,arborea,Vahl
Jacquinia ruscifolia Jacq.,Primulaceae,Jacquinia,ruscifolia,Jacq.
Jasminum azoricum L.,Oleaceae,Jasminum,azoricum,L.
Jasminum grandiflorum L.,Oleaceae,Jasminum,grandiflorum,L.
Jasminum mesnyi Hance,Oleaceae,Jasminum,mesnyi,Hance
Jatropha integerrima Jacq.,Euphorbiaceae,Jatropha,integerrima,Jacq.
Jatropha multifida L.,Euphorbiaceae,Jatropha,multifida,L.
Jatropha podagrica Hook.,Euphorbiaceae,Jatropha,podagrica,Hook.
Joannesia princeps Vell.,Euphorbiaceae,Joannesia,princeps,Vell.
Juniperus bermudiana L.,Cupressaceae,Juniperus,bermudiana,L.
Juniperus chinensis L.,Cupressaceae,Juniperus,chinensis,L.
Juniperus communis L.,Cupressaceae,Juniperus,communis,L.
Juniperus deppeana Steud.,Cupressaceae,Juniperus,deppeana,Steud.
Juniperus oxycedrus L.,Cupressaceae,Juniperus,oxycedrus,L.
Juniperus phoenicea L.,Cupressaceae,Juniperus,phoenicea,L.
Juniperus procera Hochst. ex Endl.,Cupressaceae,Juniperus,procera,Hochst. ex Endl.
Juniperus scopulorum Sarg.,Cupressaceae,Juniperus,scopulorum,Sarg.
Justicia carnea Lindl.,Acanthaceae,Justicia,carnea,Lindl.
Kalanchoe daigremontiana Raym.-Hamet & H.Perrier,Crassulaceae,Kalanchoe,daigremontiana,Raym.-Hamet & H.Perrier
Bryophyllum delagoense (Eckl. & Zeyh.) Druce,Crassulaceae,Bryophyllum,delagoense,(Eckl. & Zeyh.) Druce
Kalanchoe laciniata (L.) DC.,Crassulaceae,Kalanchoe,laciniata,(L.) DC.
Khaya senegalensis (Desv.) A.Juss.,Meliaceae,Khaya,senegalensis,(Desv.) A.Juss.
Kigelia africana (Lam.) Benth.,Bignoniaceae,Kigelia,africana,(Lam.) Benth.
Kleinhovia hospita L.,Malvaceae,Kleinhovia,hospita,L.
Koelreuteria elegans (Seem.) A.C.Sm.,Sapindaceae,Koelreuteria,elegans,(Seem.) A.C.Sm.
Koelreuteria paniculata Laxm.,Sapindaceae,Koelreuteria,paniculata,Laxm.
Kopsia fruticosa (Roxb.) A.DC.,Apocynaceae,Kopsia,fruticosa,(Roxb.) A.DC.
Lablab purpureus (L.) Sweet,Fabaceae,Lablab,purpureus,(L.) Sweet
Laburnum anagyroides Medik.,Fabaceae,Laburnum,anagyroides,Medik.
Lagerstroemia floribunda Jack,Lythraceae,Lagerstroemia,floribunda,Jack
Lagerstroemia speciosa (L.) Pers.,Lythraceae,Lagerstroemia,speciosa,(L.) Pers.
Lagerstroemia indica L.,Lythraceae,Lagerstroemia,indica,L.
Lagerstroemia thorelii Gagnep.,Lythraceae,Lagerstroemia,thorelii,Gagnep.
Lagerstroemia tomentosa C.Presl,Lythraceae,Lagerstroemia,tomentosa,C.Presl
Lagerstroemia turbinata Koehne,Lythraceae,Lagerstroemia,turbinata,Koehne
Lens culinaris Medik.,Fabaceae,Lens,culinaris,Medik.
Lepisanthes fruticosa (Roxb.) Leenh.,Sapindaceae,Lepisanthes,fruticosa,(Roxb.) Leenh.
Leptospermum scoparium J.R.Forst. & G.Forst.,Myrtaceae,Leptospermum,scoparium,J.R.Forst. & G.Forst.
Licania platypus (Hemsl.) Fritsch,Chrysobalanaceae,Licania,platypus,(Hemsl.) Fritsch
Licuala grandis H.Wendl.,Arecaceae,Licuala,grandis,H.Wendl.
Ligustrum lucidum W.T.Aiton,Oleaceae,Ligustrum,lucidum,W.T.Aiton
Limonium sinuatum (L.) Mill.,Plumbaginaceae,Limonium,sinuatum,(L.) Mill.
Linaria incarnata (Vent.) Spreng.,Plantaginaceae,Linaria,incarnata,(Vent.) Spreng.
Linum grandiflorum Desf.,Linaceae,Linum,grandiflorum,Desf.
Liquidambar formosana Hance,Altingiaceae,Liquidambar,formosana,Hance
Liquidambar styraciflua L.,Altingiaceae,Liquidambar,styraciflua,L.
Liriodendron tulipifera L.,Magnoliaceae,Liriodendron,tulipifera,L.
Litchi chinensis Sonn.,Sapindaceae,Litchi,chinensis,Sonn.
Livistona australis (R.Br.) Mart.,Arecaceae,Livistona,australis,(R.Br.) Mart.
Livistona chinensis (Jacq.) R.Br. ex Mart.,Arecaceae,Livistona,chinensis,(Jacq.) R.Br. ex Mart.
Saribus rotundifolius (Lam.) Blume,Arecaceae,Saribus,rotundifolius,(Lam.) Blume
Lobelia erinus L.,Campanulaceae,Lobelia,erinus,L.
Lobularia maritima (L.) Desv.,Brassicaceae,Lobularia,maritima,(L.) Desv.
Lodoicea maldivica (J.F.Gmel.) Pers.,Arecaceae,Lodoicea,maldivica,(J.F.Gmel.) Pers.
Lonchocarpus cultratus (Vell.) A.M.G.Azevedo & H.C.Lima,Fabaceae,Lonchocarpus,cultratus,(Vell.) A.M.G.Azevedo & H.C.Lima
Lonicera sempervirens L.,Caprifoliaceae,Lonicera,sempervirens,L.
Lophostemon confertus (R.Br.) Peter G.Wilson & J.T.Waterh.,Myrtaceae,Lophostemon,confertus,(R.Br.) Peter G.Wilson & J.T.Waterh.
Luehea candida (Moc. & Sessé ex DC.) Mart.,Malvaceae,Luehea,candida,(Moc. & Sessé ex DC.) Mart.
Lupinus albus L.,Fabaceae,Lupinus,albus,L.
Silene coeli-rosa (L.) Godr.,Caryophyllaceae,Silene,coeli-rosa,(L.) Godr.
Solanum lycopersicum L.,Solanaceae,Solanum,lycopersicum,L.
Maclura pomifera (Raf.) C.K.Schneid.,Moraceae,Maclura,pomifera,(Raf.) C.K.Schneid.
Macrotyloma uniflorum (Lam.) Verdc.,Fabaceae,Macrotyloma,uniflorum,(Lam.) Verdc.
Magnolia grandiflora L.,Magnoliaceae,Magnolia,grandiflora,L.
Magnolia liliifera (L.) Baill.,Magnoliaceae,Magnolia,liliifera,(L.) Baill.
Magnolia soulangeana Soul.-Bod.,Magnoliaceae,Magnolia,soulangeana,Soul.-Bod.
Malpighia coccigera L.,Malpighiaceae,Malpighia,coccigera,L.
Malpighia emarginata DC.,Malpighiaceae,Malpighia,emarginata,DC.
Malpighia glabra L.,Malpighiaceae,Malpighia,glabra,L.
Malus pumila Mill.,Rosaceae,Malus,pumila,Mill.
Malus sylvestris (L.) Mill.,Rosaceae,Malus,sylvestris,(L.) Mill.
Malvaviscus arboreus Cav.,Malvaceae,Malvaviscus,arboreus,Cav.
Mammea americana L.,Calophyllaceae,Mammea,americana,L.
Manihot dichotoma Ule,Euphorbiaceae,Manihot,dichotoma,Ule
Manihot esculenta Crantz,Euphorbiaceae,Manihot,esculenta,Crantz
Manihot grahamii Hook.,Euphorbiaceae,Manihot,grahamii,Hook.
Manilkara kauki (L.) Dubard,Sapotaceae,Manilkara,kauki,(L.) Dubard
Manilkara zapota (L.) P.Royen,Sapotaceae,Manilkara,zapota,(L.) P.Royen
Mansoa alliacea (Lam.) A.H.Gentry,Bignoniaceae,Mansoa,alliacea,(Lam.) A.H.Gentry
Maranta cristata Nees & Mart.,Marantaceae,Maranta,cristata,Nees & Mart.
Mascarenhasia arborescens A.DC.,Apocynaceae,Mascarenhasia,arborescens,A.DC.
Matthiola incana (L.) R.Br.,Brassicaceae,Matthiola,incana,(L.) R.Br.
Melaleuca bracteata F.Muell.,Myrtaceae,Melaleuca,bracteata,F.Muell.
Melaleuca leucadendra (L.) L.,Myrtaceae,Melaleuca,leucadendra,(L.) L.
Melaleuca styphelioides Sm.,Myrtaceae,Melaleuca,styphelioides,Sm.
Melocalamus compactiflorus (Kurz) Benth.,Poaceae,Melocalamus,compactiflorus,(Kurz) Benth.
Millettia brandisiana Kurz,Fabaceae,Millettia,brandisiana,Kurz
Millettia peguensis Ali,Fabaceae,Millettia,peguensis,Ali
Millingtonia hortensis L.f.,Bignoniaceae,Millingtonia,hortensis,L.f.
Mimulus luteus L.,Phrymaceae,Mimulus,luteus,L.
Moltkia suffruticosa (L.) Hegi,Boraginaceae,Moltkia,suffruticosa,(L.) Hegi
Monstera deliciosa Liebm.,Araceae,Monstera,deliciosa,Liebm.
Montanoa grandiflora Alamán ex DC.,Asteraceae,Montanoa,grandiflora,Alamán ex DC.
Morus nigra L.,Moraceae,Morus,nigra,L.
Muehlenbeckia platyclados (F.Muell.) Meisn.,Polygonaceae,Muehlenbeckia,platyclados,(F.Muell.) Meisn.
Musa textilis Née,Musaceae,Musa,textilis,Née
Pseudomussaenda flava Verdc.,Rubiaceae,Pseudomussaenda,flava,Verdc.
Mussaenda frondosa L.,Rubiaceae,Mussaenda,frondosa,L.
Mussaenda glabrata (Hook.f.) Hutch. ex Gamble,Rubiaceae,Mussaenda,glabrata,(Hook.f.) Hutch. ex Gamble
Pentas lanceolata (Forssk.) Deflers,Rubiaceae,Pentas,lanceolata,(Forssk.) Deflers
Mussaenda erythrophylla Schumach. & Thonn.,Rubiaceae,Mussaenda,erythrophylla,Schumach. & Thonn.
Mussaenda philippica A.Rich.,Rubiaceae,Mussaenda,philippica,A.Rich.
Myristica fragrans Houtt.,Myristicaceae,Myristica,fragrans,Houtt.
Myroxylon balsamum (L.) Harms,Fabaceae,Myroxylon,balsamum,(L.) Harms
Myrtus communis L.,Myrtaceae,Myrtus,communis,L.
Nandina domestica Thunb.,Berberidaceae,Nandina,domestica,Thunb.
Nauclea orientalis (L.) L.,Rubiaceae,Nauclea,orientalis,(L.) L.
Nemesia strumosa Benth.,Scrophulariaceae,Nemesia,strumosa,Benth.
Nemesia versicolor E.Mey. ex Benth.,Scrophulariaceae,Nemesia,versicolor,E.Mey. ex Benth.
Neolamarckia cadamba (Roxb.) Bosser,Rubiaceae,Neolamarckia,cadamba,(Roxb.) Bosser
Nephelium lappaceum L.,Sapindaceae,Nephelium,lappaceum,L.
Nicotiana alata Link & Otto,Solanaceae,Nicotiana,alata,Link & Otto
Nicotiana rustica L.,Solanaceae,Nicotiana,rustica,L.
Nigella damascena L.,Ranunculaceae,Nigella,damascena,L.
Nigella sativa L.,Ranunculaceae,Nigella,sativa,L.
Nyctanthes arbor-tristis L.,Oleaceae,Nyctanthes,arbor-tristis,L.
Disocactus flagelliformis (L.) Barthlott,Cactaceae,Disocactus,flagelliformis,(L.) Barthlott
Ochna atropurpurea DC.,Ochnaceae,Ochna,atropurpurea,DC.
Ochna thomasiana Engl. & Gilg,Ochnaceae,Ochna,thomasiana,Engl. & Gilg
Ochroma pyramidale (Cav. ex Lam.) Urb.,Malvaceae,Ochroma,pyramidale,(Cav. ex Lam.) Urb.
Ochrosia elliptica Labill.,Apocynaceae,Ochrosia,elliptica,Labill.
Ocimum kilimandscharicum Gürke,Lamiaceae,Ocimum,kilimandscharicum,Gürke
Odontadenia macrantha (Roem. & Schult.) Markgr.,Apocynaceae,Odontadenia,macrantha,(Roem. & Schult.) Markgr.
Oncoba spinosa Forssk.,Salicaceae,Oncoba,spinosa,Forssk.
Ormocarpum trachycarpum (Taub.) Harms,Fabaceae,Ormocarpum,trachycarpum,(Taub.) Harms
Oxytenanthera abyssinica (A.Rich.) Munro,Poaceae,Oxytenanthera,abyssinica,(A.Rich.) Munro
Gigantochloa albociliata (Munro) Kurz,Poaceae,Gigantochloa,albociliata,(Munro) Kurz
Pachystachys coccinea (Aubl.) Nees,Acanthaceae,Pachystachys,coccinea,(Aubl.) Nees
Polyscias obtusifolia Frodin,Araliaceae,Polyscias,obtusifolia,Frodin
Pandanus utilis Bory,Pandanaceae,Pandanus,utilis,Bory
Parkia biglandulosa Wight & Arn.,Fabaceae,Parkia,biglandulosa,Wight & Arn.
Parmentiera cereifera Seem.,Bignoniaceae,Parmentiera,cereifera,Seem.
Passiflora antioquiensis H.Karst.,Passifloraceae,Passiflora,antioquiensis,H.Karst.
Passiflora caerulea L.,Passifloraceae,Passiflora,caerulea,L.
Passiflora quadrangularis L.,Passifloraceae,Passiflora,quadrangularis,L.
Pavonia hastata Cav.,Malvaceae,Pavonia,hastata,Cav.
Peltophorum africanum Sond.,Fabaceae,Peltophorum,africanum,Sond.
Peltophorum pterocarpum (DC.) K.Heyne,Fabaceae,Peltophorum,pterocarpum,(DC.) K.Heyne
Peltophorum dubium (Spreng.) Taub.,Fabaceae,Peltophorum,dubium,(Spreng.) Taub.
Pereskia aculeata Mill.,Cactaceae,Pereskia,aculeata,Mill.
Pereskia grandiflora Pfeiff.,Cactaceae,Pereskia,grandiflora,Pfeiff.
Persea americana Mill.,Lauraceae,Persea,americana,Mill.
Petrea volubilis L.,Verbenaceae,Petrea,volubilis,L.
Petunia hybrida E.Vilm.,Solanaceae,Petunia,hybrida,E.Vilm.
"Petunia axillaris (Lam.) Britton, Sterns & Poggenb.",Solanaceae,Petunia,axillaris,"(Lam.) Britton, Sterns & Poggenb."
Petunia inflata R.E.Fr.,Solanaceae,Petunia,inflata,R.E.Fr.
Phaseolus lunatus L.,Fabaceae,Phaseolus,lunatus,L.
Phaseolus vulgaris L.,Fabaceae,Phaseolus,vulgaris,L.
Philadelphus coronarius L.,Hydrangeaceae,Philadelphus,coronarius,L.
Philenoptera violacea (Klotzsch) Schrire,Fabaceae,Philenoptera,violacea,(Klotzsch) Schrire
Phlox drummondii Hook.,Polemoniaceae,Phlox,drummondii,Hook.
Phoenix canariensis Chabaud,Arecaceae,Phoenix,canariensis,Chabaud
Phoenix dactylifera L.,Arecaceae,Phoenix,dactylifera,L.
Phoenix roebelenii O'Brien,Arecaceae,Phoenix,roebelenii,O'Brien
Phyllanthus acidus (L.) Skeels,Phyllanthaceae,Phyllanthus,acidus,(L.) Skeels
Pilea trianthemoides (Sw.) Lindl.,Urticaceae,Pilea,trianthemoides,(Sw.) Lindl.
Pimenta dioica (L.) Merr.,Myrtaceae,Pimenta,dioica,(L.) Merr.
Pimenta racemosa (Mill.) J.W.Moore,Myrtaceae,Pimenta,racemosa,(Mill.) J.W.Moore
Pinus canariensis C.Sm.,Pinaceae,Pinus,canariensis,C.Sm.
Pinus caribaea Morelet,Pinaceae,Pinus,caribaea,Morelet
Pinus densiflora Siebold & Zucc.,Pinaceae,Pinus,densiflora,Siebold & Zucc.
Pinus elliottii Engelm.,Pinaceae,Pinus,elliottii,Engelm.
Pinus halepensis Mill.,Pinaceae,Pinus,halepensis,Mill.
Pinus hartwegii Lindl.,Pinaceae,Pinus,hartwegii,Lindl.
Pinus merkusii Jungh. & de Vriese,Pinaceae,Pinus,merkusii,Jungh. & de Vriese
Pinus oocarpa Schiede,Pinaceae,Pinus,oocarpa,Schiede
Pinus patula Schiede ex Schltdl. & Cham.,Pinaceae,Pinus,patula,Schiede ex Schltdl. & Cham.
Piper nigrum L.,Piperaceae,Piper,nigrum,L.
Parapiptadenia rigida (Benth.) Brenan,Fabaceae,Parapiptadenia,rigida,(Benth.) Brenan
Pisum sativum L.,Fabaceae,Pisum,sativum,L.
Platanus occidentalis L.,Platanaceae,Platanus,occidentalis,L.
Platanus orientalis L.,Platanaceae,Platanus,orientalis,L.
Platycladus orientalis (L.) Franco,Cupressaceae,Platycladus,orientalis,(L.) Franco
Plumbago auriculata Lam.,Plumbaginaceae,Plumbago,auriculata,Lam.
Plumeria alba L.,Apocynaceae,Plumeria,alba,L.
Plumeria obtusa L.,Apocynaceae,Plumeria,obtusa,L.
Afrocarpus gracilior (Pilg.) C.N.Page,Podocarpaceae,Afrocarpus,gracilior,(Pilg.) C.N.Page
Nageia wallichiana (C.Presl) Kuntze,Podocarpaceae,Nageia,wallichiana,(C.Presl) Kuntze
Podocarpus macrophyllus (Thunb.) Sweet,Podocarpaceae,Podocarpus,macrophyllus,(Thunb.) Sweet
Podocarpus neriifolius D.Don,Podocarpaceae,Podocarpus,neriifolius,D.Don
Polianthes tuberosa L.,Asparagaceae,Polianthes,tuberosa,L.
Persicaria chinensis (L.) H.Gross,Polygonaceae,Persicaria,chinensis,(L.) H.Gross
Polyscias australiana (F.Muell.) Philipson,Araliaceae,Polyscias,australiana,(F.Muell.) Philipson
Polyscias balfouriana (André) L.H.Bailey,Araliaceae,Polyscias,balfouriana,(André) L.H.Bailey
Polyscias filicifolia (C.Moore ex E.Fourn.) L.H.Bailey,Araliaceae,Polyscias,filicifolia,(C.Moore ex E.Fourn.) L.H.Bailey
Polyscias fruticosa (L.) Harms,Araliaceae,Polyscias,fruticosa,(L.) Harms
Polyscias guilfoylei (W.Bull) L.H.Bailey,Araliaceae,Polyscias,guilfoylei,(W.Bull) L.H.Bailey
Polyscias scutellaria (Burm.f.) Fosberg,Araliaceae,Polyscias,scutellaria,(Burm.f.) Fosberg
Pomaderris lanigera Sims,Rhamnaceae,Pomaderris,lanigera,Sims
Populus deltoides Marshall,Salicaceae,Populus,deltoides,Marshall
Porana volubilis Burm.f.,Convolvulaceae,Porana,volubilis,Burm.f.
Portlandia grandiflora L.,Rubiaceae,Portlandia,grandiflora,L.
Portulacaria afra Jacq.,Didiereaceae,Portulacaria,afra,Jacq.
Pouteria campechiana (Kunth) Baehni,Sapotaceae,Pouteria,campechiana,(Kunth) Baehni
Proustia pyrifolia Lag.,Asteraceae,Proustia,pyrifolia,Lag.
Prunus domestica L.,Rosaceae,Prunus,domestica,L.
Prunus persica (L.) Batsch,Rosaceae,Prunus,persica,(L.) Batsch
Prunus salicina Lindl.,Rosaceae,Prunus,salicina,Lindl.
Cerasus yedoensis (Matsum.) A.N.Vassiljeva,Rosaceae,Cerasus,yedoensis,(Matsum.) A.N.Vassiljeva
Pseudobombax ellipticum (Kunth) Dugand,Malvaceae,Pseudobombax,ellipticum,(Kunth) Dugand
Psidium cattleianum Afzel. ex Sabine,Myrtaceae,Psidium,cattleianum,Afzel. ex Sabine
Psidium friedrichsthalianum (O.Berg) Nied.,Myrtaceae,Psidium,friedrichsthalianum,(O.Berg) Nied.
Psidium guineense Sw.,Myrtaceae,Psidium,guineense,Sw.
Psophocarpus tetragonolobus (L.) DC.,Fabaceae,Psophocarpus,tetragonolobus,(L.) DC.
Pterocarpus indicus Willd.,Fabaceae,Pterocarpus,indicus,Willd.
Pterocarpus rotundifolius (Sond.) Druce,Fabaceae,Pterocarpus,rotundifolius,(Sond.) Druce
Pterocarya stenoptera C.DC.,Juglandaceae,Pterocarya,stenoptera,C.DC.
Pterospermum acerifolium (L.) Willd.,Malvaceae,Pterospermum,acerifolium,(L.) Willd.
Pterospermum semisagittatum Blanco,Malvaceae,Pterospermum,semisagittatum,Blanco
Ptychosperma macarthurii (H.Wendl. ex H.J.Veitch) H.Wendl. ex Hook.f.,Arecaceae,Ptychosperma,macarthurii,(H.Wendl. ex H.J.Veitch) H.Wendl. ex Hook.f.
Pyrostegia venusta (Ker Gawl.) Miers,Bignoniaceae,Pyrostegia,venusta,(Ker Gawl.) Miers
Pyrus communis L.,Rosaceae,Pyrus,communis,L.
Pyrus pyrifolia (Burm.f.) Nakai,Rosaceae,Pyrus,pyrifolia,(Burm.f.) Nakai
Quassia amara L.,Simaroubaceae,Quassia,amara,L.
Ravenala madagascariensis Sonn.,Strelitziaceae,Ravenala,madagascariensis,Sonn.
Ravenia spectabilis Engl.,Rutaceae,Ravenia,spectabilis,Engl.
Reseda alba L.,Resedaceae,Reseda,alba,L.
Reseda odorata L.,Resedaceae,Reseda,odorata,L.
Rhapis excelsa (Thunb.) Henry,Arecaceae,Rhapis,excelsa,(Thunb.) Henry
Rhododendron indicum (L.) Sweet,Ericaceae,Rhododendron,indicum,(L.) Sweet
Rhododendron mucronatum (Blume) G.Don,Ericaceae,Rhododendron,mucronatum,(Blume) G.Don
Rhododendron ponticum L.,Ericaceae,Rhododendron,ponticum,L.
Rhododendron simsii Planch.,Ericaceae,Rhododendron,simsii,Planch.
Rondeletia odorata Jacq.,Rubiaceae,Rondeletia,odorata,Jacq.
Rosa banksiae R.Br.,Rosaceae,Rosa,banksiae,R.Br.
Rosa centifolia L.,Rosaceae,Rosa,centifolia,L.
Rotheca incisa (Klotzsch) Steane & Mabb.,Lamiaceae,Rotheca,incisa,(Klotzsch) Steane & Mabb.
Rotheca myricoides (Hochst.) Steane & Mabb.,Lamiaceae,Rotheca,myricoides,(Hochst.) Steane & Mabb.
Roystonea regia (Kunth) O.F.Cook,Arecaceae,Roystonea,regia,(Kunth) O.F.Cook
Ruscus aculeatus L.,Asparagaceae,Ruscus,aculeatus,L.
Russelia equisetiformis Schltdl. & Cham.,Plantaginaceae,Russelia,equisetiformis,Schltdl. & Cham.
Russelia rotundifolia Cav.,Plantaginaceae,Russelia,rotundifolia,Cav.
Russelia sarmentosa Jacq.,Plantaginaceae,Russelia,sarmentosa,Jacq.
Ruta graveolens L.,Rutaceae,Ruta,graveolens,L.
Ruttya fruticosa Lindau,Acanthaceae,Ruttya,fruticosa,Lindau
Sabal mauritiiformis (H.Karst.) Griseb. & H.Wendl.,Arecaceae,Sabal,mauritiiformis,(H.Karst.) Griseb. & H.Wendl.
Sabal palmetto (Walter) Lodd. ex Schult. & Schult.f.,Arecaceae,Sabal,palmetto,(Walter) Lodd. ex Schult. & Schult.f.
Saccharum officinarum L.,Poaceae,Saccharum,officinarum,L.
Salvia coccinea Buc'hoz ex Etl.,Lamiaceae,Salvia,coccinea,Buc'hoz ex Etl.
Salvia farinacea Benth.,Lamiaceae,Salvia,farinacea,Benth.
Salvia leucantha Cav.,Lamiaceae,Salvia,leucantha,Cav.
Salvia officinalis L.,Lamiaceae,Salvia,officinalis,L.
Salvia splendens Sellow ex Schult.,Lamiaceae,Salvia,splendens,Sellow ex Schult.
Sanchezia nobilis Hook.f.,Acanthaceae,Sanchezia,nobilis,Hook.f.
Sansevieria cylindrica Bojer,Asparagaceae,Sansevieria,cylindrica,Bojer
Sansevieria trifasciata Prain,Asparagaceae,Sansevieria,trifasciata,Prain
Sapindus mukorossi Gaertn.,Sapindaceae,Sapindus,mukorossi,Gaertn.
Saraca declinata Miq.,Fabaceae,Saraca,declinata,Miq.
Saraca thaipingensis Prain,Fabaceae,Saraca,thaipingensis,Prain
Bignonia magnifica W.Bull,Bignoniaceae,Bignonia,magnifica,W.Bull
Scadoxus multiflorus (Martyn) Raf.,Amaryllidaceae,Scadoxus,multiflorus,(Martyn) Raf.
Schefflera actinophylla (Endl.) Harms,Araliaceae,Schefflera,actinophylla,(Endl.) Harms
Schinus molle L.,Anacardiaceae,Schinus,molle,L.
Schinus terebinthifolia Raddi,Anacardiaceae,Schinus,terebinthifolia,Raddi
Schizolobium parahyba (Vell.) S.F.Blake,Fabaceae,Schizolobium,parahyba,(Vell.) S.F.Blake
Sechium edule (Jacq.) Sw.,Cucurbitaceae,Sechium,edule,(Jacq.) Sw.
Sedum japonicum Siebold ex Miq.,Crassulaceae,Sedum,japonicum,Siebold ex Miq.
Selenicereus grandiflorus (L.) Britton & Rose,Cactaceae,Selenicereus,grandiflorus,(L.) Britton & Rose
Senecio cruentus Roth,Asteraceae,Senecio,cruentus,Roth
Senna alexandrina Mill.,Fabaceae,Senna,alexandrina,Mill.
Senna artemisioides Isely,Fabaceae,Senna,artemisioides,Isely
Senna corymbosa (Lam.) H.S.Irwin & Barneby,Fabaceae,Senna,corymbosa,(Lam.) H.S.Irwin & Barneby
Senna multijuga (Rich.) H.S.Irwin & Barneby,Fabaceae,Senna,multijuga,(Rich.) H.S.Irwin & Barneby
Senna pallida (Vahl) H.S.Irwin & Barneby,Fabaceae,Senna,pallida,(Vahl) H.S.Irwin & Barneby
Senna siamea (Lam.) H.S.Irwin & Barneby,Fabaceae,Senna,siamea,(Lam.) H.S.Irwin & Barneby
Senna splendida (Vogel) H.S.Irwin & Barneby,Fabaceae,Senna,splendida,(Vogel) H.S.Irwin & Barneby
Senna surattensis (Burm.f.) H.S.Irwin & Barneby,Fabaceae,Senna,surattensis,(Burm.f.) H.S.Irwin & Barneby
Senna timoriensis (DC.) H.S.Irwin & Barneby,Fabaceae,Senna,timoriensis,(DC.) H.S.Irwin & Barneby
Serissa japonica (Thunb.) Thunb.,Rubiaceae,Serissa,japonica,(Thunb.) Thunb.
Sesamum indicum L.,Pedaliaceae,Sesamum,indicum,L.
Sesbania grandiflora (L.) Pers.,Fabaceae,Sesbania,grandiflora,(L.) Pers.
Setaria italica (L.) P.Beauv.,Poaceae,Setaria,italica,(L.) P.Beauv.
Tradescantia pallida (Rose) D.R.Hunt,Commelinaceae,Tradescantia,pallida,(Rose) D.R.Hunt
Simarouba amara Aubl.,Simaroubaceae,Simarouba,amara,Aubl.
Sinapis alba L.,Brassicaceae,Sinapis,alba,L.
Solanum betaceum Cav.,Solanaceae,Solanum,betaceum,Cav.
Solanum grandiflorum Ruiz & Pav.,Solanaceae,Solanum,grandiflorum,Ruiz & Pav.
Solanum melongena L.,Solanaceae,Solanum,melongena,L.
Solanum wendlandii Hook.f.,Solanaceae,Solanum,wendlandii,Hook.f.
Solanum wrightii Benth.,Solanaceae,Solanum,wrightii,Benth.
Spartium junceum L.,Fabaceae,Spartium,junceum,L.
Spathodea campanulata P.Beauv.,Bignoniaceae,Spathodea,campanulata,P.Beauv.
Spinacia oleracea L.,Amaranthaceae,Spinacia,oleracea,L.
Spiraea prunifolia Siebold & Zucc.,Rosaceae,Spiraea,prunifolia,Siebold & Zucc.
Spondias dulcis Parkinson,Anacardiaceae,Spondias,dulcis,Parkinson
Sterculia apetala (Jacq.) H.Karst.,Malvaceae,Sterculia,apetala,(Jacq.) H.Karst.
Brachychiton rupestris (T.Mitch. ex Lindl.) K.Schum.,Malvaceae,Brachychiton,rupestris,(T.Mitch. ex Lindl.) K.Schum.
Strophanthus hispidus DC.,Apocynaceae,Strophanthus,hispidus,DC.
Swainsona formosa (G.Don) J.Thompson,Fabaceae,Swainsona,formosa,(G.Don) J.Thompson
Swietenia macrophylla King,Meliaceae,Swietenia,macrophylla,King
Syncarpia glomulifera (Sm.) Nied.,Myrtaceae,Syncarpia,glomulifera,(Sm.) Nied.
Syzygium aqueum (Burm.f.) Alston,Myrtaceae,Syzygium,aqueum,(Burm.f.) Alston
Syzygium aromaticum (L.) Merr. & L.M.Perry,Myrtaceae,Syzygium,aromaticum,(L.) Merr. & L.M.Perry
Syzygium malaccense (L.) Merr. & L.M.Perry,Myrtaceae,Syzygium,malaccense,(L.) Merr. & L.M.Perry
Syzygium samarangense (Blume) Merr. & L.M.Perry,Myrtaceae,Syzygium,samarangense,(Blume) Merr. & L.M.Perry
Tabebuia aurea (Silva Manso) Benth. & Hook.f. ex S.Moore,Bignoniaceae,Tabebuia,aurea,(Silva Manso) Benth. & Hook.f. ex S.Moore
Handroanthus chrysanthus (Jacq.) S.O.Grose,Bignoniaceae,Handroanthus,chrysanthus,(Jacq.) S.O.Grose
Tabebuia pallida (Lindl.) Miers,Bignoniaceae,Tabebuia,pallida,(Lindl.) Miers
Tabebuia heterophylla (DC.) Britton,Bignoniaceae,Tabebuia,heterophylla,(DC.) Britton
Tabebuia rosea (Bertol.) Bertero ex A.DC.,Bignoniaceae,Tabebuia,rosea,(Bertol.) Bertero ex A.DC.
Tabernaemontana africana Hook.,Apocynaceae,Tabernaemontana,africana,Hook.
Magnolia angatensis Blanco,Magnoliaceae,Magnolia,angatensis,Blanco
Talinum calycinum Engelm.,Talinaceae,Talinum,calycinum,Engelm.
Talipariti tiliaceum (L.) Fryxell,Malvaceae,Talipariti,tiliaceum,(L.) Fryxell
Taxodium distichum (L.) Rich.,Cupressaceae,Taxodium,distichum,(L.) Rich.
Taxodium huegelii C.Lawson,Cupressaceae,Taxodium,huegelii,C.Lawson
Tecoma castanifolia (D.Don) Melch.,Bignoniaceae,Tecoma,castanifolia,(D.Don) Melch.
Tephrosia vogelii Hook.f.,Fabaceae,Tephrosia,vogelii,Hook.f.
Terminalia calamansanay Rolfe,Combretaceae,Terminalia,calamansanay,Rolfe
Terminalia catappa L.,Combretaceae,Terminalia,catappa,L.
Terminalia oliveri Brandis,Combretaceae,Terminalia,oliveri,Brandis
Terminalia sericea Burch. ex DC.,Combretaceae,Terminalia,sericea,Burch. ex DC.
Tetraclinis articulata (Vahl) Mast.,Cupressaceae,Tetraclinis,articulata,(Vahl) Mast.
Tetrapanax papyrifer (Hook.) K.Koch,Araliaceae,Tetrapanax,papyrifer,(Hook.) K.Koch
Theobroma cacao L.,Malvaceae,Theobroma,cacao,L.
Cascabela thevetia (L.) Lippold,Apocynaceae,Cascabela,thevetia,(L.) Lippold
Thuja occidentalis L.,Cupressaceae,Thuja,occidentalis,L.
Thyrsostachys oliveri Gamble,Poaceae,Thyrsostachys,oliveri,Gamble
Thyrsostachys siamensis Gamble,Poaceae,Thyrsostachys,siamensis,Gamble
Tibouchina semidecandra (Mart. & Schrank ex DC.) Cogn.,Melastomataceae,Tibouchina,semidecandra,(Mart. & Schrank ex DC.) Cogn.
Tipuana tipu (Benth.) Kuntze,Fabaceae,Tipuana,tipu,(Benth.) Kuntze
Trachelospermum jasminoides (Lindl.) Lem.,Apocynaceae,Trachelospermum,jasminoides,(Lindl.) Lem.
Trachycarpus fortunei (Hook.) H.Wendl.,Arecaceae,Trachycarpus,fortunei,(Hook.) H.Wendl.
Trachyspermum ammi (L.) Sprague,Apiaceae,Trachyspermum,ammi,(L.) Sprague
Tradescantia spathacea Sw.,Commelinaceae,Tradescantia,spathacea,Sw.
Trigonella foenum-graecum L.,Fabaceae,Trigonella,foenum-graecum,L.
Triphasia trifolia (Burm.f.) P.Wilson,Rutaceae,Triphasia,trifolia,(Burm.f.) P.Wilson
Tristellateia australasiae A.Rich.,Malpighiaceae,Tristellateia,australasiae,A.Rich.
Tropaeolum majus L.,Tropaeolaceae,Tropaeolum,majus,L.
Arctotis fastuosa Jacq.,Asteraceae,Arctotis,fastuosa,Jacq.
Verbena bipinnatifida Nutt.,Verbenaceae,Verbena,bipinnatifida,Nutt.
Glandularia peruviana (L.) Small,Verbenaceae,Glandularia,peruviana,(L.) Small
Vernicia cordata (Thunb.) Airy Shaw,Euphorbiaceae,Vernicia,cordata,(Thunb.) Airy Shaw
Vicia faba L.,Fabaceae,Vicia,faba,L.
Victoria amazonica (Poepp.) J.C.Sowerby,Nymphaeaceae,Victoria,amazonica,(Poepp.) J.C.Sowerby
Victoria cruziana A.D.Orb.,Nymphaeaceae,Victoria,cruziana,A.D.Orb.
Vigna unguiculata (L.) Walp.,Fabaceae,Vigna,unguiculata,(L.) Walp.
Vitis heyneana Roem. & Schult.,Vitaceae,Vitis,heyneana,Roem. & Schult.
Vittadinia triloba (Gaudich.) DC.,Asteraceae,Vittadinia,triloba,(Gaudich.) DC.
Voacanga grandifolia (Miq.) Rolfe,Apocynaceae,Voacanga,grandifolia,(Miq.) Rolfe
Washingtonia filifera (Linden ex André) H.Wendl. ex de Bary,Arecaceae,Washingtonia,filifera,(Linden ex André) H.Wendl. ex de Bary
Wrightia antidysenterica (L.) R.Br.,Apocynaceae,Wrightia,antidysenterica,(L.) R.Br.
Caladium lindenii (André) Madison,Araceae,Caladium,lindenii,(André) Madison
Yucca gloriosa L.,Asparagaceae,Yucca,gloriosa,L.
Zea mays L.,Poaceae,Zea,mays,L.
"Habranthus longifolius (Hemsl.) Flagg, G.Lom.Sm. & Meerow",Amaryllidaceae,Habranthus,longifolius,"(Hemsl.) Flagg, G.Lom.Sm. & Meerow"
Zephyranthes candida (Lindl.) Herb.,Amaryllidaceae,Zephyranthes,candida,(Lindl.) Herb.
Zephyranthes citrina Baker,Amaryllidaceae,Zephyranthes,citrina,Baker
Zephyranthes minuta (Kunth) D.Dietr.,Amaryllidaceae,Zephyranthes,minuta,(Kunth) D.Dietr.
Ziziphus joazeiro Mart.,Rhamnaceae,Ziziphus,joazeiro,Mart.
